{"name":"5d44a475-0ab9-4a4f-98d4-0f228640d693","id":"/providers/Microsoft.Flow/flows/5d44a475-0ab9-4a4f-98d4-0f228640d693","type":"Microsoft.Flow/flows","properties":{"apiId":"/providers/Microsoft.PowerApps/apis/shared_logicflows","displayName":"1.Team Setup - Final","definition":{"metadata":{"workflowEntityId":null,"processAdvisorMetadata":null,"flowChargedByPaygo":null,"flowclientsuspensionreason":"None","flowclientsuspensiontime":null,"flowclientsuspensionreasondetails":null,"creator":{"id":"51a5f27e-2bd9-4393-a04f-fdf3b4810311","type":"User","tenantId":"2329c570-b580-4223-803b-427d800e81b6"},"provisioningMethod":"FromDefinition","failureAlertSubscription":true,"clientLastModifiedTime":"2024-12-07T02:29:43.7525408Z","connectionKeySavedTimeKey":"2024-12-06T19:40:02.4948969Z"},"$schema":"https://schema.management.azure.com/providers/Microsoft.Logic/schemas/2016-06-01/workflowdefinition.json#","contentVersion":"undefined","parameters":{"$authentication":{"defaultValue":{},"type":"SecureObject"},"$connections":{"defaultValue":{},"type":"Object"}},"triggers":{"manual":{"type":"Request","kind":"Button","inputs":{"schema":{"type":"object","properties":{},"required":[]}}}},"actions":{"try_for_creation_of_team_specific_document":{"actions":{"List_of_Teams":{"metadata":{"01CRBYFSPWY25RW5PBDZE3BLGSMSOOZRGO":"/510Project/Configuration/Team Formation.xlsx","tableId":"{9F01F597-BF43-40AA-BA96-4E35064E8006}","01EXSFSIN7A5INJIXMYJA3CMZ777AOP7YK":"/General/Configurations/Team Formation.xlsx"},"type":"OpenApiConnection","inputs":{"parameters":{"source":"groups/0ac14307-566f-4ff4-a194-0127160bdd6e","drive":"b!h9rN0EXgKEaqoyKgwxfmvuUyqxfWJYpJnHmbTRDo2MGPMSFcNhJsTb6sfN1pfy5a","file":"01EXSFSIN7A5INJIXMYJA3CMZ777AOP7YK","table":"{9F01F597-BF43-40AA-BA96-4E35064E8006}"},"host":{"apiId":"/providers/Microsoft.PowerApps/apis/shared_excelonlinebusiness","connectionName":"shared_excelonlinebusiness","operationId":"GetItems"},"authentication":{"value":"@json(decodeBase64(triggerOutputs().headers['X-MS-APIM-Tokens']))['$ConnectionKey']","type":"Raw"}}},"Apply_to_each":{"foreach":"@outputs('List_of_Teams')?['body/value']","actions":{"Create_file":{"runAfter":{"Get_file_content":["Succeeded"]},"type":"OpenApiConnection","inputs":{"parameters":{"dataset":"https://myccsu.sharepoint.com/sites/PROJECT-ManagementandOrganizationCollaboration","folderPath":"/Shared Documents/General/Teams","name":"@item()?['FileName']","body":"@body('Get_file_content')"},"host":{"apiId":"/providers/Microsoft.PowerApps/apis/shared_sharepointonline","connectionName":"shared_sharepointonline","operationId":"CreateFile"},"authentication":{"value":"@json(decodeBase64(triggerOutputs().headers['X-MS-APIM-Tokens']))['$ConnectionKey']","type":"Raw"}},"runtimeConfiguration":{"contentTransfer":{"transferMode":"Chunked"}}},"Get_file_content":{"metadata":{"%252fShared%2bDocuments%252fGeneral%252fTemplate%252fBusiness%2bReport%2bTemplate%2bV0.1.docm":"/Shared Documents/General/Template/Business Report Template V0.1.docm","%252fShared%2bDocuments%252fGeneral%252fTemplate%252fBusiness%2bReport%2bTemplate%2bV0.1.xlsx":"/Shared Documents/General/Template/Business Report Template V0.1.xlsx","%252fShared%2bDocuments%252fGeneral%252fTemplate%252fBusiness%2bReport%2bTemplate%2bV0.11.xlsx":"/Shared Documents/General/Template/Business Report Template V0.11.xlsx","%252fShared%2bDocuments%252fGeneral%252fTemplate%252fBusiness%2bReport%2bTemplate%2bV1.0.xlsx":"/Shared Documents/General/Template/Business Report Template V1.0.xlsx"},"type":"OpenApiConnection","inputs":{"parameters":{"dataset":"https://myccsu.sharepoint.com/sites/PROJECT-ManagementandOrganizationCollaboration","id":"%252fShared%2bDocuments%252fGeneral%252fTemplate%252fBusiness%2bReport%2bTemplate%2bV1.0.xlsx","inferContentType":true},"host":{"apiId":"/providers/Microsoft.PowerApps/apis/shared_sharepointonline","connectionName":"shared_sharepointonline","operationId":"GetFileContent"},"authentication":{"value":"@json(decodeBase64(triggerOutputs().headers['X-MS-APIM-Tokens']))['$ConnectionKey']","type":"Raw"}}},"Update_a_row":{"runAfter":{"Create_file":["Succeeded"]},"metadata":{"01EXSFSIN7A5INJIXMYJA3CMZ777AOP7YK":"/General/Configurations/Team Formation.xlsx","tableId":"{9F01F597-BF43-40AA-BA96-4E35064E8006}"},"type":"OpenApiConnection","inputs":{"parameters":{"source":"groups/0ac14307-566f-4ff4-a194-0127160bdd6e","drive":"b!h9rN0EXgKEaqoyKgwxfmvuUyqxfWJYpJnHmbTRDo2MGPMSFcNhJsTb6sfN1pfy5a","file":"01EXSFSIN7A5INJIXMYJA3CMZ777AOP7YK","table":"{9F01F597-BF43-40AA-BA96-4E35064E8006}","idColumn":"TeamNumber","id":"@items('Apply_to_each')?['TeamNumber']","item/File ID":"@outputs('Create_file')?['body/ItemId']"},"host":{"apiId":"/providers/Microsoft.PowerApps/apis/shared_excelonlinebusiness","connectionName":"shared_excelonlinebusiness","operationId":"PatchItem"},"authentication":{"value":"@json(decodeBase64(triggerOutputs().headers['X-MS-APIM-Tokens']))['$ConnectionKey']","type":"Raw"}}}},"runAfter":{"List_of_Teams":["Succeeded"]},"type":"Foreach","runtimeConfiguration":{"concurrency":{"repetitions":1}}}},"runAfter":{},"type":"Scope"},"try_for_share_the_document_with_students":{"actions":{"For_each_Team":{"foreach":"@outputs('Updated_List_of_Teams')?['body/value']","actions":{"Filter_array":{"type":"Query","inputs":{"from":"@outputs('Student_List')?['body/value']","where":"@equals(items('For_each_Team')?['TeamNumber'],item()?['TeamNumber'])"}},"For_each_Student":{"foreach":"@body('Filter_array')","actions":{"Grant_access_to_an_item_or_a_folder":{"type":"OpenApiConnection","inputs":{"parameters":{"dataset":"https://myccsu.sharepoint.com/sites/PROJECT-ManagementandOrganizationCollaboration","table":"5c21318f-1236-4d6c-beac-7cdd697f2e5a","id":"@items('For_each_Team')?['File ID']","parameter/recipients":"@items('For_each_Student')?['EmailID']","parameter/roleValue":"role:1073741827","parameter/emailBody":"Invitation to Business Report Document for @{items('For_each_Team')?['TeamName']}","parameter/sendEmail":false},"host":{"apiId":"/providers/Microsoft.PowerApps/apis/shared_sharepointonline","connectionName":"shared_sharepointonline","operationId":"GrantAccess"},"authentication":{"value":"@json(decodeBase64(triggerOutputs().headers['X-MS-APIM-Tokens']))['$ConnectionKey']","type":"Raw"}}}},"runAfter":{"Filter_array":["Succeeded"]},"type":"Foreach"}},"type":"Foreach","runtimeConfiguration":{"concurrency":{"repetitions":1}}}},"runAfter":{"Updated_List_of_Teams":["Succeeded"],"try_for_creation_of_team_specific_document":["Succeeded"]},"type":"Scope"},"Student_List":{"runAfter":{"try_for_creation_of_team_specific_document":["Succeeded"]},"metadata":{"01CRBYFSPWY25RW5PBDZE3BLGSMSOOZRGO":"/510Project/Configuration/Team Formation.xlsx","tableId":"{2E3A446A-1816-4208-B44C-17E65ACFB1F7}","01EXSFSIN7A5INJIXMYJA3CMZ777AOP7YK":"/General/Configurations/Team Formation.xlsx"},"type":"OpenApiConnection","inputs":{"parameters":{"source":"groups/0ac14307-566f-4ff4-a194-0127160bdd6e","drive":"b!h9rN0EXgKEaqoyKgwxfmvuUyqxfWJYpJnHmbTRDo2MGPMSFcNhJsTb6sfN1pfy5a","file":"01EXSFSIN7A5INJIXMYJA3CMZ777AOP7YK","table":"{2E3A446A-1816-4208-B44C-17E65ACFB1F7}"},"host":{"apiId":"/providers/Microsoft.PowerApps/apis/shared_excelonlinebusiness","connectionName":"shared_excelonlinebusiness","operationId":"GetItems"},"authentication":{"value":"@json(decodeBase64(triggerOutputs().headers['X-MS-APIM-Tokens']))['$ConnectionKey']","type":"Raw"}}},"Updated_List_of_Teams":{"runAfter":{"Student_List":["Succeeded"]},"metadata":{"01CRBYFSPWY25RW5PBDZE3BLGSMSOOZRGO":"/510Project/Configuration/Team Formation.xlsx","tableId":"{9F01F597-BF43-40AA-BA96-4E35064E8006}","01EXSFSIN7A5INJIXMYJA3CMZ777AOP7YK":"/General/Configurations/Team Formation.xlsx"},"type":"OpenApiConnection","inputs":{"parameters":{"source":"groups/0ac14307-566f-4ff4-a194-0127160bdd6e","drive":"b!h9rN0EXgKEaqoyKgwxfmvuUyqxfWJYpJnHmbTRDo2MGPMSFcNhJsTb6sfN1pfy5a","file":"01EXSFSIN7A5INJIXMYJA3CMZ777AOP7YK","table":"{9F01F597-BF43-40AA-BA96-4E35064E8006}"},"host":{"apiId":"/providers/Microsoft.PowerApps/apis/shared_excelonlinebusiness","connectionName":"shared_excelonlinebusiness","operationId":"GetItems"},"authentication":{"value":"@json(decodeBase64(triggerOutputs().headers['X-MS-APIM-Tokens']))['$ConnectionKey']","type":"Raw"}}}}},"connectionReferences":{"shared_excelonlinebusiness":{"connectionName":"shared-excelonlinebu-779cf388-adac-4bcd-b33a-5c1c5d53e15d","source":"Invoker","id":"/providers/Microsoft.PowerApps/apis/shared_excelonlinebusiness","tier":"NotSpecified"},"shared_sharepointonline":{"connectionName":"shared-sharepointonl-0f58233b-4e62-4810-8970-493ca8dee901","source":"Invoker","id":"/providers/Microsoft.PowerApps/apis/shared_sharepointonline","tier":"NotSpecified"}},"flowFailureAlertSubscribed":false,"isManaged":false}}