{"name":"1e4a28c4-b520-44ab-824e-c1882b33c5ae","id":"/providers/Microsoft.Flow/flows/1e4a28c4-b520-44ab-824e-c1882b33c5ae","type":"Microsoft.Flow/flows","properties":{"apiId":"/providers/Microsoft.PowerApps/apis/shared_logicflows","displayName":"2.Perform Assignments - Final","definition":{"metadata":{"workflowEntityId":null,"processAdvisorMetadata":null,"flowChargedByPaygo":null,"flowclientsuspensionreason":"None","flowclientsuspensiontime":null,"flowclientsuspensionreasondetails":null,"creator":{"id":"51a5f27e-2bd9-4393-a04f-fdf3b4810311","type":"User","tenantId":"2329c570-b580-4223-803b-427d800e81b6"},"provisioningMethod":"FromDefinition","failureAlertSubscription":true,"clientLastModifiedTime":"2024-12-06T20:56:12.2508768Z","connectionKeySavedTimeKey":"2024-12-06T20:56:12.2508768Z"},"$schema":"https://schema.management.azure.com/providers/Microsoft.Logic/schemas/2016-06-01/workflowdefinition.json#","contentVersion":"undefined","parameters":{"$authentication":{"defaultValue":{},"type":"SecureObject"},"$connections":{"defaultValue":{},"type":"Object"}},"triggers":{"manual":{"metadata":{"operationMetadataId":"67185857-bef7-457f-9d37-f9dca5bacee5"},"type":"Request","kind":"Button","inputs":{"schema":{"type":"object","properties":{},"required":[]}}}},"actions":{"Get_files_(properties_only)":{"runAfter":{"Loop_iterator":["Succeeded"]},"metadata":{"operationMetadataId":"ec610643-cca7-45b7-8b3b-65d164069984"},"type":"OpenApiConnection","inputs":{"parameters":{"dataset":"https://myccsu.sharepoint.com/sites/PROJECT-ManagementandOrganizationCollaboration","table":"5c21318f-1236-4d6c-beac-7cdd697f2e5a","$filter":"FSObjType eq 0","folderPath":"/Shared Documents/General/Teams","viewScopeOption":"Default"},"host":{"apiId":"/providers/Microsoft.PowerApps/apis/shared_sharepointonline","connectionName":"shared_sharepointonline","operationId":"GetFileItems"},"authentication":{"value":"@json(decodeBase64(triggerOutputs().headers['X-MS-APIM-Tokens']))['$ConnectionKey']","type":"Raw"}}},"Apply_to_each_file":{"foreach":"@body('Get_Files_for_teams')","actions":{"Get_team_number_based_on_filename":{"runAfter":{"Set_variable_loopiterator":["Succeeded"]},"type":"Query","inputs":{"from":"@outputs('List_of_teams')?['body/value']","where":"@contains(items('Apply_to_each_file')?['FullPath'],item()?['FileName'])"}},"Condition":{"actions":{"Set_variable":{"type":"SetVariable","inputs":{"name":"ClearAndAdd","value":"Clear"}}},"runAfter":{"Get_team_number_based_on_filename":["Succeeded"],"Set_variable_loopiterator":["Succeeded"]},"else":{"actions":{"Set_variable-copy":{"type":"SetVariable","inputs":{"name":"ClearAndAdd","value":"Add"}}}},"expression":{"and":[{"equals":["@variables('loopiterator')",0]}]},"type":"If"},"Set_variable_loopiterator":{"type":"SetVariable","inputs":{"name":"loopiterator","value":0}},"For_each":{"foreach":"@body('get_assignments_based_on_team_number')","actions":{"Send_an_email_notification_to_students":{"runAfter":{"Run_script-copy":["Succeeded"]},"type":"OpenApiConnection","inputs":{"parameters":{"emailMessage/To":"@items('For_each')?['Email ID']","emailMessage/Subject":"Assignment enabled : @{items('For_each')?['Paragraph Title']}","emailMessage/Body":"<p class=\"editor-paragraph\">Assignment enabled : @{items('For_each')?['Paragraph Title']}</p><br>","emailMessage/Importance":"Normal"},"host":{"apiId":"/providers/Microsoft.PowerApps/apis/shared_office365","connectionName":"shared_office365","operationId":"SendEmailV2"},"authentication":{"value":"@json(decodeBase64(triggerOutputs().headers['X-MS-APIM-Tokens']))['$ConnectionKey']","type":"Raw"}}},"Increment_variable":{"runAfter":{"Send_an_email_notification_to_students":["Succeeded"]},"type":"IncrementVariable","inputs":{"name":"loopiterator","value":1}},"get_range_for_given_paragraph":{"metadata":{"operationMetadataId":"2a7ca6fd-6d04-441a-8afe-3f7da6257438"},"type":"Query","inputs":{"from":"@outputs('Paragraph_to_range_mapping')?['body/value']","where":"@equals(item()?['Paragraph No'],items('For_each')?['Paragraph Title'])"}},"Run_script-copy":{"runAfter":{"get_range_for_given_paragraph":["Succeeded"]},"type":"OpenApiConnection","inputs":{"parameters":{"source":"groups/0ac14307-566f-4ff4-a194-0127160bdd6e","drive":"b!h9rN0EXgKEaqoyKgwxfmvuUyqxfWJYpJnHmbTRDo2MGPMSFcNhJsTb6sfN1pfy5a","file":"@substring(items('Apply_to_each_file')['FullPath'],16)","scriptId":"ms-officescript%3A%2F%2Fonedrive_business_itemlink%2F01CRBYFSLYFD2XTAAMF5G2YGCKX4RL7736","ScriptParameters/password":"20242024","ScriptParameters/clearAndAdd":"Clear","ScriptParameters/inputData":["@{variables('loopiterator')}","@items('For_each')?['Start Date and Time']","@items('For_each')?['End Date and Time']","@items('For_each')?['Paragraph Title']","@body('get_range_for_given_paragraph')[0]?['Cell']","@items('For_each')?['Email ID']","@body('get_range_for_given_paragraph')[0]?['Text Box']"]},"host":{"apiId":"/providers/Microsoft.PowerApps/apis/shared_excelonlinebusiness","connectionName":"shared_excelonlinebusiness","operationId":"RunScriptProd"},"authentication":{"value":"@json(decodeBase64(triggerOutputs().headers['X-MS-APIM-Tokens']))['$ConnectionKey']","type":"Raw"}}}},"runAfter":{"get_assignments_based_on_team_number":["Succeeded"]},"type":"Foreach","runtimeConfiguration":{"concurrency":{"repetitions":1}}},"get_assignments_based_on_team_number":{"runAfter":{"Condition":["Succeeded"]},"type":"Query","inputs":{"from":"@outputs('List_of_access_updates')?['body/value']","where":"@equals(item()?['Team'],body('Get_team_number_based_on_filename')[0]?['TeamNumber'])"}}},"runAfter":{"Get_Files_for_teams":["Succeeded"]},"metadata":{"operationMetadataId":"e0faa00e-68a5-42d7-8a19-60f20cf71dfc"},"type":"Foreach","runtimeConfiguration":{"concurrency":{"repetitions":1}}},"Get_Files_for_teams":{"runAfter":{"Initialize_variable":["Succeeded"]},"metadata":{"operationMetadataId":"56a7a9eb-3c5f-479b-85b3-db1db06d5654"},"type":"Select","inputs":{"from":"@outputs('Get_files_(properties_only)')?['body/value']","select":{"FileName":"@{item()['{FileNameWithExtension}']}","FullPath":"@{item()['{FullPath}']}"}}},"List_of_access_updates":{"runAfter":{},"metadata":{"01EXSFSIILVNSOZJQUK5HKHPTYG4Z25CWB":"/General/Configurations/Paragraph Assignment Template.xlsx","tableId":"{EB73BE66-2E2F-4691-A430-5AAC86298D85}","operationMetadataId":"9525d2cf-7dac-4483-a59e-eea6da19cead"},"type":"OpenApiConnection","inputs":{"parameters":{"source":"groups/0ac14307-566f-4ff4-a194-0127160bdd6e","drive":"b!h9rN0EXgKEaqoyKgwxfmvuUyqxfWJYpJnHmbTRDo2MGPMSFcNhJsTb6sfN1pfy5a","file":"01EXSFSIILVNSOZJQUK5HKHPTYG4Z25CWB","table":"{EB73BE66-2E2F-4691-A430-5AAC86298D85}"},"host":{"apiId":"/providers/Microsoft.PowerApps/apis/shared_excelonlinebusiness","connectionName":"shared_excelonlinebusiness","operationId":"GetItems"},"authentication":{"value":"@json(decodeBase64(triggerOutputs().headers['X-MS-APIM-Tokens']))['$ConnectionKey']","type":"Raw"}}},"Paragraph_to_range_mapping":{"runAfter":{"List_of_access_updates":["Succeeded"]},"metadata":{"01EXSFSIILVNSOZJQUK5HKHPTYG4Z25CWB":"/General/Configurations/Paragraph Assignment Template.xlsx","tableId":"{8028457A-FAA9-4802-9699-B120FFCF4195}","operationMetadataId":"366ea12d-221f-4cbd-b9ce-80ce2624aae4"},"type":"OpenApiConnection","inputs":{"parameters":{"source":"groups/0ac14307-566f-4ff4-a194-0127160bdd6e","drive":"b!h9rN0EXgKEaqoyKgwxfmvuUyqxfWJYpJnHmbTRDo2MGPMSFcNhJsTb6sfN1pfy5a","file":"01EXSFSIILVNSOZJQUK5HKHPTYG4Z25CWB","table":"{8028457A-FAA9-4802-9699-B120FFCF4195}"},"host":{"apiId":"/providers/Microsoft.PowerApps/apis/shared_excelonlinebusiness","connectionName":"shared_excelonlinebusiness","operationId":"GetItems"},"authentication":{"value":"@json(decodeBase64(triggerOutputs().headers['X-MS-APIM-Tokens']))['$ConnectionKey']","type":"Raw"}}},"List_of_teams":{"runAfter":{"Paragraph_to_range_mapping":["Succeeded"]},"metadata":{"01EXSFSIN7A5INJIXMYJA3CMZ777AOP7YK":"/General/Configurations/Team Formation.xlsx","tableId":"{9F01F597-BF43-40AA-BA96-4E35064E8006}","operationMetadataId":"af850855-01d4-471c-9b56-d5bfa100676a"},"type":"OpenApiConnection","inputs":{"parameters":{"source":"groups/0ac14307-566f-4ff4-a194-0127160bdd6e","drive":"b!h9rN0EXgKEaqoyKgwxfmvuUyqxfWJYpJnHmbTRDo2MGPMSFcNhJsTb6sfN1pfy5a","file":"01EXSFSIN7A5INJIXMYJA3CMZ777AOP7YK","table":"{9F01F597-BF43-40AA-BA96-4E35064E8006}"},"host":{"apiId":"/providers/Microsoft.PowerApps/apis/shared_excelonlinebusiness","connectionName":"shared_excelonlinebusiness","operationId":"GetItems"},"authentication":{"value":"@json(decodeBase64(triggerOutputs().headers['X-MS-APIM-Tokens']))['$ConnectionKey']","type":"Raw"}}},"Loop_iterator":{"runAfter":{"List_of_teams":["Succeeded"]},"type":"InitializeVariable","inputs":{"variables":[{"name":"loopiterator","type":"integer","value":0}]}},"Initialize_variable":{"runAfter":{"Get_files_(properties_only)":["Succeeded"]},"type":"InitializeVariable","inputs":{"variables":[{"name":"ClearAndAdd","type":"string","value":"Clear"}]}}}},"connectionReferences":{"shared_sharepointonline":{"connectionName":"shared-sharepointonl-0f58233b-4e62-4810-8970-493ca8dee901","source":"Invoker","id":"/providers/Microsoft.PowerApps/apis/shared_sharepointonline","tier":"NotSpecified"},"shared_office365":{"connectionName":"shared-office365-8713c22b-911b-483c-a717-3f85e7fb6432","source":"Invoker","id":"/providers/Microsoft.PowerApps/apis/shared_office365","tier":"NotSpecified"},"shared_excelonlinebusiness":{"connectionName":"shared-excelonlinebu-779cf388-adac-4bcd-b33a-5c1c5d53e15d","source":"Invoker","id":"/providers/Microsoft.PowerApps/apis/shared_excelonlinebusiness","tier":"NotSpecified"}},"flowFailureAlertSubscribed":false,"isManaged":false}}